시설명,자치구,연령구분,Longitude,Latitude
아이랑(신사점),관악구,영유아,126.91641,37.48246
목동깨비 공동육아방,양천구,영유아,126.86372,37.54827
미아 공동육아방,강북구,영유아,127.02595,37.63242
망우자람 공동육아방,중랑구,영유아,127.0981661672409,37.59233782678768
맘스하트카페 흑석동2호점,동작구,영유아,126.96061,37.50512
맘스하트카페 상도2동점,동작구,영유아,126.9460782754952,37.501415976182
대림3동 맘든든센터(공동육아방) ,영등포구,영유아,126.89595,37.5017
문래동 맘든든센터(공동육아방) ,영등포구,영유아,126.88947,37.51727
10호점 중계4동 도담도담나눔터(공동육아방),노원구,영유아,127.07361,37.65859
9호점 하계1동 도담도담나눔터(공동육아방),노원구,영유아,127.07242,37.6361
어울림공동육아방,종로구,영유아,126.96869,37.58145
누리뜰공동육아방,중구,영유아,127.00941,37.56066
꿈자람공동육아방 용신점,동대문구,영유아,127.02992,37.57232
꿈자람공동육아방 답십리2호점,동대문구,영유아,127.05509,37.57491
성동구 도담누리 공동육아방,성동구,영유아,127.03758,37.56415
광진구 중곡동 공동육아방(기린방),광진구,영유아,127.08446,37.56506
아이?맘 강동(암사시장점),강동구,영유아,127.1290123200706,37.55141676309986
아이?맘 강동(길동점),강동구,영유아,127.14055,37.53837
아이?맘 강동(고덕점),강동구,영유아,127.16454,37.55712
아이?맘 강동(천호공원점),강동구,영유아,127.12545,37.54346
아이?맘 강동(강일점),강동구,영유아,127.17236,37.55678
아이?맘 강동(성내점),강동구,영유아,127.12248,37.52917
8호점 상계9동 도담도담나눔터(공동육아방),노원구,영유아,127.06530342578893,37.66587141808893
7호점 하계2동 도담도담나눔터(공동육아방),노원구,영유아,127.06505344177248,37.63626845229139
맘스하트카페 상도4동점,동작구,영유아,126.93732,37.49762
맘스하트카페 상도1동점,동작구,영유아,126.95348,37.50424
맘스하트카페 신대방1동점,동작구,영유아,126.9084,37.48881
맘스하트카페 사당1동점,동작구,영유아,126.97984,37.47704
맘스하트카페 대방동점,동작구,영유아,126.92299,37.50462
6호점 상계6.7동 도담도담나눔터(공동육아방),노원구,영유아,127.0596,37.64097
송파동 공동육아방,송파구,영유아,127.11305,37.50859
송파여성문화회관공동육아방,송파구,영유아,127.10974,37.50598
내곡 육아지원센터 공동육아방,서초구,영유아,127.05831,37.44936
서리풀문화광장 함께 키움센터 공동육아방,서초구,영유아,127.00484,37.49012
공동육아방(보라매점),관악구,영유아,126.93546,37.48673
너나들이 공동육아방,금천구,영유아,126.8956,37.46896
강서 활짝 공동육아방,강서구,영유아,126.82624,37.54949
방아다리 공동육아방,양천구,영유아,126.82719,37.53859
쓰담쓰담 공동육아방,도봉구,영유아,127.03541,37.66418
서빙고동 열린육아방,용산구,영유아,126.99465,37.52047
광진구 능동 공동육아방(토끼방),광진구,영유아,127.08723,37.55231
꿈자람공동육아방 제기점,동대문구,영유아,127.03467589521068,37.5837276538076
세곡공동육아방,강남구,영유아,127.10694,37.46905
꿈자람공동육아방 장안1호점,동대문구,영유아,127.06859,37.57234
꿈자람공동육아방 제기2호점,동대문구,영유아,127.03516,37.58629
꿈자람공동육아방 장안2호점,동대문구,영유아,127.06762,37.57379
하늘열린육아방,종로구,영유아,126.9978,37.58344
아이신나열린육아방,중랑구,영유아,127.08193,37.5761
5호점 상계1동 도담도담나눔터(공동육아방),노원구,영유아,127.05495,37.67991
4호점 중계본동 도담도담나눔터(공동육아방),노원구,영유아,127.08367,37.65046
3호점 월계3동 도담도담나눔터(공동육아방),노원구,영유아,127.06978,37.61826
2호점 공릉2동 도담도담나눔터(공동육아방),노원구,영유아,127.08812,37.62607
성산1동 모아뜰 공동육아방 ,마포구,영유아,126.90791,37.56337
홍제 행복열린육아방,서대문구,영유아,126.94693445221088,37.59694364732762
명일2동 마을커뮤니티센터,강동구,영유아,127.15401,37.54903
위례 열린육아방,송파구,영유아,127.13483374188428,37.47616294091133
삼성열린육아방,강남구,영유아,127.05554,37.51178
아이랑(난향점),관악구,영유아,126.91814,37.46397
맘스하트카페 흑석동점,동작구,영유아,126.96659,37.50583
맘스하트카페 사당3동점,동작구,영유아,126.96853,37.4928
논현열린육아방,강남구,영유아,127.0372,37.51728
맘스하트카페 신대방2동점,동작구,영유아,126.9244,37.4984
당산1동 맘든든센터(공동육아방) ,영등포구,영유아,126.89482,37.52839
당산2동 맘든든센터(공동육아방) ,영등포구,영유아,126.89735,37.53103
영등포동 맘든든센터(공동육아방) ,영등포구,영유아,126.90365,37.52537
신길4동 맘든든센터(공동육아방) ,영등포구,영유아,126.91163,37.50717
해우리열린육아방,양천구,영유아,126.86549,37.53897
해누리열린육아방,양천구,영유아,126.86391,37.51594
희망열린육아방,양천구,영유아,126.85428,37.51856
해맞이열린육아방,양천구,영유아,126.83563,37.51901
은평 열린육아방,은평구,영유아,126.93662,37.6116
서대문구육아종합지원센터 열린육아방,서대문구,영유아,126.92000124762656,37.57307176094129
햇살아래열린육아방,중랑구,영유아,127.11283,37.61475
1호점 상계8동 도담도담나눔터(공동육아방),노원구,영유아,127.05469,37.66595
장위행복누림부모지원센터,성북구,영유아,127.04584528255997,37.615906003765375
상봉키움열린육아방,중랑구,영유아,127.09212,37.6022
중화열린육아방,중랑구,영유아,127.07492,37.59504
아이사랑열린육아방,중랑구,영유아,127.09424,37.5971
아이틔움열린육아방,중랑구,영유아,127.10151,37.60058
장미향기열린육아방,중랑구,영유아,127.07356,37.60724
면목열린육아방,중랑구,영유아,127.07949,37.58321
도란도란열린육아방,중랑구,영유아,127.08536977276891,37.59830210093693
먹골꼬마열린육아방,중랑구,영유아,127.08361,37.61757
꿈자람공동육아방 답십리점,동대문구,영유아,127.04795,37.57206
꿈자람공동육아방 배봉산점,동대문구,영유아,127.06279,37.5784
키즈앤맘 열린육아방,중구,영유아,127.01484,37.56129
구로19호점 우리동네키움센터(항동융합형),구로구,초등학생,126.82275800323671,37.47905835571736
은평12호점 우리동네키움센터,은평구,초등학생,126.93477,37.60276
송파18호점 우리동네키움센터(위례동2호점 송파키움센터),송파구,초등학생,127.15109,37.4882
은평11호점 우리동네키움센터,은평구,초등학생,126.92267,37.61524
은평10호점 우리동네키움센터,은평구,초등학생,126.92042,37.59988
제5호(성북권) 거점형 우리동네키움센터,성북구,초등학생,127.03713,37.59222
성북11호점 우리동네키움센터(삼선동),성북구,초등학생,127.01336,37.58574
성동12호점 우리동네키움센터(서울숲아이꿈누리터),성동구,초등학생,127.04081832208549,37.5489235820505
구로18호점 우리동네키움센터(구로신도림),구로구,초등학생,126.88521,37.50959
동작13호점 융합형 우리동네키움센터(사당동),동작구,초등학생,126.97422,37.48183
송파17호점 우리동네키움센터(거여2동 송파키움센터),송파구,초등학생,127.15057,37.49321
관악3호점 우리동네키움센터,관악구,초등학생,126.95832,37.48667
중랑구5호점 망우본동우리동네키움센터(중랑아동돌봄센터),중랑구,초등학생,127.10619908755804,37.60853160030212
중랑구4호점 면목7동우리동네키움센터(중랑아동돌봄센터),중랑구,초등학생,127.08959,37.58003
강서5호점 우리동네키움센터(공항동),강서구,초등학생,126.822029779833,37.55878843505723
동대문구 5호점 우리동네키움센터,동대문구,초등학생,127.06997,37.58718
양천구 4호점 우리동네키움센터,양천구,초등학생,126.86357264980366,37.54836216082769
강남8호점 우리동네키움센터(자곡다함께키움센터),강남구,초등학생,127.0945,37.4715
강북3호점 우리동네키움센터(융합형)(삼양동),강북구,초등학생,127.01491087636816,37.62201041567743
영등포13호점 우리동네키움센터(신길6동 아이랜드),영등포구,초등학생,126.91887411737667,37.50140870885531
강북4호점 우리동네키움센터(수유1동),강북구,초등학생,127.01408,37.63153
강동7호점 우리동네키움센터(천호2동),강동구,초등학생,127.12876,37.54521
강남7호점 우리동네키움센터(누리봄다함께키움센터),강남구,초등학생,127.07416,37.49109
강남6호점 우리동네키움센터(논현다함께키움센터),강남구,초등학생,127.0418,37.51158
동작12호점 우리동네키움센터(상도2동),동작구,초등학생,126.9456705874904,37.501265600669015
서대문구7호점 우리동네키움센터,서대문구,초등학생,126.9194,37.57411
강북5호점 우리동네키움센터(송중동),강북구,초등학생,127.03024,37.62302
서대문구6호점 우리동네키움센터,서대문구,초등학생,126.91877,37.5817
서대문구5호점 우리동네키움센터(천연동 친구랑),서대문구,초등학생,126.9610860498178,37.56956827084229
마포구7호점 우리동네키움센터(서강동),마포구,초등학생,126.92769,37.54586
도봉구 6호점 우리동네키움센터,도봉구,초등학생,127.03917,37.64257
도봉구 5호점 융합형 우리동네키움센터(마을연계),도봉구,초등학생,127.03144,37.65078
동대문구 4호점 우리동네키움센터,동대문구,초등학생,127.05579745080512,37.57485709180429
중랑구3호점 면목4동우리동네키움센터(중랑아동돌봄센터),중랑구,초등학생,127.0858561064572,37.57252026704589
노원27호점 우리동네키움센터(중계청구3차 아이휴센터),노원구,초등학생,127.07571,37.6499
노원26호점 우리동네키움센터(중계온마을 아이휴센터),노원구,초등학생,127.075,37.65971
노원25호점 우리동네키움센터(하계어울림융합형 아이휴센터),노원구,초등학생,127.07229,37.63601
광진10호점 우리동네키움센터,광진구,초등학생,127.085404161591,37.56491402988514
동작11호점 우리동네키움센터(상도4동),동작구,초등학생,126.93779,37.50061
제3호(종로?서대문권) 거점형 우리동네키움센터,종로구,초등학생,126.96113,37.57214
영등포12호점 우리동네키움센터(신길7동 아이랜드),영등포구,초등학생,126.92156,37.50601
금천2호점 우리동네키움센터(시흥2동),금천구,초등학생,126.91466084553336,37.45031110186032
서초5호점 우리동네키움센터(서초구립 방배동 초등키움센터),서초구,초등학생,126.99406,37.48536
송파16호점 우리동네키움센터(문정1동 송파키움센터),송파구,초등학생,127.12788,37.49014
강동6호점 아이플러스키움센터(융합형),강동구,초등학생,127.12715,37.54822
서초6호점 우리동네키움센터 (서초구립 서초동 초등키움센터),서초구,초등학생,127.01087,37.48195
성북7호점 우리동네키움센터(길음1동),성북구,초등학생,127.02002,37.61163
서초4호점 우리동네키움센터 (서초구립 반포동 초등키움센터),서초구,초등학생,127.01101,37.50997
성북6호점 우리동네키움센터(돈암2동),성북구,초등학생,127.0131630064288,37.60023389025289
마포구6호점 우리동네키움센터(염리동),마포구,초등학생,126.94868931839969,37.55494195981467
구로17호점 우리동네키움센터(오정),구로구,초등학생,126.83051880315416,37.48903630965426
성북10호점 우리동네키움센터 (종암동),성북구,초등학생,127.03147,37.60009
영등포11호점 우리동네키움센터(영등포동 아이랜드),영등포구,초등학생,126.90921,37.52277
성북5호점 우리동네키움센터(정릉2동),성북구,초등학생,127.00792,37.6007
성북3호점 우리동네키움센터(동선동),성북구,초등학생,127.01562,37.59531
강동5호점 고덕2동 우리동네키움센터,강동구,초등학생,127.16246,37.56053
중구7호점 우리동네키움센터(중구형 초등돌봄 동화센터),중구,초등학생,127.01497,37.56077
영등포10호점 우리동네키움센터(신길5동 아이랜드),영등포구,초등학생,126.90895,37.50381
영등포9호점 우리동네키움센터(대림3동 아이랜드),영등포구,초등학생,126.8952,37.50072
광진9호점 우리동네키움센터,광진구,초등학생,127.0929,37.5479
마포5호점 우리동네키움센터(아현동),마포구,초등학생,126.9498,37.54519
은평9호점 우리동네키움센터,은평구,초등학생,126.90744,37.59634
마포4호점 융합형 우리동네키움센터(공덕동),마포구,초등학생,126.95994,37.54879
종로5호점 우리동네키움센터,종로구,초등학생,126.96005,37.57583
구로16호점 우리동네키움센터(궁동),구로구,초등학생,126.82963,37.49903
강동4호점 성내1동 우리동네키움센터,강동구,초등학생,127.12506782981713,37.52641973506129
구로15호점 융합형 우리동네키움센터(개봉동),구로구,초등학생,126.85782,37.4909
구로14호점 우리동네키움센터(구로3동),구로구,초등학생,126.89085,37.48683
동작10호점 융합형 우리동네키움센터(대방동),동작구,초등학생,126.92518,37.4996
광진8호점 우리동네키움센터,광진구,초등학생,127.08463,37.5428
강서4호점 우리동네키움센터(방화2동),강서구,초등학생,126.80763856012994,37.57141893652079
강서3호점 우리동네키움센터(화곡본동),강서구,초등학생,126.84605,37.54109
관악1호점 우리동네키움센터,관악구,초등학생,126.94171,37.47612
관악2호점 우리동네키움센터,관악구,초등학생,126.92871,37.47852
성북9호점 우리동네키움센터(정릉4동),성북구,초등학생,127.00981,37.6101
성북4호점 우리동네키움센터(장위2동),성북구,초등학생,127.05296,37.61141
은평7호점 우리동네키움센터,은평구,초등학생,126.90834,37.61331
은평8호점우리동네키움센터[마을연계],은평구,초등학생,126.92796,37.62303
은평5호점 우리동네키움센터,은평구,초등학생,126.92943,37.6466
성북8호점 우리동네키움센터(길음2동),성북구,초등학생,127.0275887607966,37.61038638907391
서대문4호점 우리동네키움센터(홍은2동),서대문구,초등학생,126.93427855334896,37.58015566069941
은평6호점 우리동네키움센터,은평구,초등학생,126.92795561907216,37.60602807881045
동작9호점 우리동네키움센터(대방동),동작구,초등학생,126.92809501052628,37.51101786557924
동작8호점 우리동네키움센터(사당3동),동작구,초등학생,126.97658818276186,37.4838664837857
동작7호점 우리동네키움센터(사당2동),동작구,초등학생,126.98174724476765,37.48931831543759
동작6호점 우리동네키움센터(신상도),동작구,초등학생,126.94158422440108,37.50015348330154
동작5호점 우리동네키움센터(상도1동),동작구,초등학생,126.95353700353829,37.50087888600973
동작4호점 우리동네키움센터(노량진1동),동작구,초등학생,126.9404116748169,37.51033245334556
성동11호점 우리동네키움센터(신금호아이꿈누리터),성동구,초등학생,127.02076,37.55448
양천3호점 우리동네키움센터,양천구,초등학생,126.8457,37.51793
용산7호점 우리동네키움센터,용산구,초등학생,126.99465,37.52047
금천3호점 우리동네키움센터(시흥1동),금천구,초등학생,126.90083,37.44666
송파15호점(융합형) 우리동네키움센터(잠실본동2호점 송파키움센터),송파구,초등학생,127.08268,37.50612
서대문3호점 우리동네키움센터 마을연계(홍제3동 우리동네키움센터),서대문구,초등학생,126.94693,37.59692
노원24호점 우리동네키움센터(공릉비선 아이휴센터),노원구,초등학생,127.08713616929712,37.62566686269063
중구6호점 우리동네키움센터(중구형 초등돌봄 다산센터),중구,초등학생,127.00954,37.55436
영등포8호점 우리동네키움센터(신길1동 아이랜드),영등포구,초등학생,126.9156,37.51009
영등포7호점 우리동네키움센터(당산2동 아이랜드),영등포구,초등학생,126.90026,37.52864
양천2호점 우리동네키움센터(융합형),양천구,초등학생,126.8703,37.54324
종로3호점 해아전 우리동네키움센터(혜화동),종로구,초등학생,127.00065,37.586
중랑2호점 우리동네키움센터(중랑아동돌봄센터),중랑구,초등학생,127.08423,37.61948
강동3호점 강일동 우리동네키움센터(융합형),강동구,초등학생,127.17408,37.56464
강동2호점 명일2동 우리동네키움센터,강동구,초등학생,127.15465244125723,37.54875135643027
용산8호점 우리동네키움센터,용산구,초등학생,126.98858,37.53605
성북2호점 우리동네키움센터 융합형(석관동),성북구,초등학생,127.0546434337544,37.608960471399406
동대문구 3호점 우리동네키움센터,동대문구,초등학생,127.06115703163056,37.58112397131469
금천1호점 우리동네키움센터(독산1동),금천구,초등학생,126.89474,37.45858
송파14호점 우리동네키움센터(장지동 송파키움센터),송파구,초등학생,127.12672,37.48198
송파13호점 우리동네키움센터(송파2동 송파키움센터),송파구,초등학생,127.11558,37.50196
송파12호점 우리동네키움센터(방이1동 송파키움센터),송파구,초등학생,127.11952,37.51195
송파11호점(융합형) 우리동네키움센터(오금동 송파키움센터),송파구,초등학생,127.14152,37.50043
송파10호점 우리동네키움센터(가락2동 송파키움센터),송파구,초등학생,127.12721,37.49834
송파9호점 우리동네키움센터(삼전동 2호점 송파키움센터),송파구,초등학생,127.09461,37.50673
송파8호점 우리동네키움센터(석촌동 송파키움센터),송파구,초등학생,127.10405,37.50431
마포3호점 우리동네키움센터(용강동),마포구,초등학생,126.93806,37.54233
종로4호점 우리동네키움센터(마을연계)(융합형),종로구,초등학생,127.01644,37.57699
광진7호점 우리동네키움센터,광진구,초등학생,127.09337,37.53785
광진6호점 우리동네키움센터,광진구,초등학생,127.08106,37.55951
광진5호점 우리동네키움센터,광진구,초등학생,127.08105,37.56047
광진4호점 우리동네키움센터,광진구,초등학생,127.09732,37.54108
제2호(동작권) 거점형 우리동네키움센터,동작구,초등학생,126.92663,37.51216
강북2호점 우리동네키움센터(인수동),강북구,초등학생,127.01413,37.63437
강남5호점 우리동네키움센터(도성다함께키움센터),강남구,초등학생,127.048,37.49852
구로13호점 우리동네키움센터(항동),구로구,초등학생,126.82476,37.48116
구로12호점 우리동네키움센터(온수동),구로구,초등학생,126.82445,37.49307
구로11호점 우리동네키움센터(천왕숲),구로구,초등학생,126.84245,37.4837
구로10호점 우리동네키움센터(오류2동),구로구,초등학생,126.83936,37.4894
종로2호점 우리동네키움센터(부암동),종로구,초등학생,126.9606,37.60174
광진3호점 융합형 우리동네키움센터,광진구,초등학생,127.08392,37.53409
서대문2호점 우리동네키움센터(연희동 우리동네키움센터  친구랑),서대문구,초등학생,126.93284,37.57001
송파7호점 우리동네키움센터(위례동 송파키움센터),송파구,초등학생,127.13572,37.47573
강북1호점 우리동네키움센터(융합형)(수유2동),강북구,초등학생,127.01551,37.64862
영등포6호점 우리동네키움센터(도영 아이랜드),영등포구,초등학생,126.90214,37.50993
노원23호점 우리동네키움센터(노원융합형 아이휴센터),노원구,초등학생,127.0596,37.64097
구로9호점 우리동네키움센터(신도림동),구로구,초등학생,126.87874,37.5066
구로8호점 우리동네키움센터(고척2동),구로구,초등학생,126.85552,37.50697
제1호(노원?도봉권) 거점형 우리동네키움센터,노원구,초등학생,127.05127,37.67222
용산6호점 우리동네키움센터,용산구,초등학생,126.9666248071396,37.5267648742758
노원22호점 우리동네키움센터(상계보람2단지 아이휴센터),노원구,초등학생,127.06576,37.66677
영등포5호점 우리동네키움센터(여의동 아이랜드),영등포구,초등학생,126.93195,37.5189
영등포4호점 우리동네키움센터(문래동 아이랜드),영등포구,초등학생,126.88907,37.51965
서초3호점 우리동네키움센터(서초구립 내곡동 초등키움센터),서초구,초등학생,127.05991,37.45342
서초2호점 우리동네키움센터(서초구립 네이처힐2단지 초등키움센터),서초구,초등학생,127.02177661346944,37.46250794398711
강남4호점 우리동네키움센터(미미위세곡키움센터),강남구,초등학생,127.10732,37.47381
노원21호점 우리동네키움센터(상계12단지 아이휴센터),노원구,초등학생,127.05845986269372,37.665736418669695
용산5호점 우리동네키움센터,용산구,초등학생,126.9536,37.53549
노원19호점 우리동네키움센터(중계무지개 아이휴센터),노원구,초등학생,127.06523,37.64436
노원18호점 우리동네키움센터(상계1단지 아이휴센터),노원구,초등학생,127.06049,37.64835
강남3호점 우리동네키움센터(청담다함께키움센터),강남구,초등학생,127.05405,37.52047
도봉3호점 우리동네키움센터,도봉구,초등학생,127.04676,37.68604
도봉4호점 우리동네키움센터(창1동 별별키움센터),도봉구,초등학생,127.04506575087223,37.649114672014576
노원20호점 우리동네키움센터(상계두산 융합형 아이휴센터),노원구,초등학생,127.05375,37.67788
중구5호점 우리동네키움센터(중구형 초등돌봄 신당5동센터),중구,초등학생,127.02188,37.56513
송파6호점 우리동네키움센터(문정2동 송파키움센터),송파구,초등학생,127.11148,37.48977
송파5호점 우리동네키움센터(가락본동 송파키움센터),송파구,초등학생,127.12345,37.50073
노원17호점 우리동네키움센터(상계6단지 아이휴센터),노원구,초등학생,127.0662,37.65471
광진2호점 우리동네키움센터(꿈 정함),광진구,초등학생,127.08475,37.52884
동작3호점 우리동네키움센터(사당5동),동작구,초등학생,126.96676468442332,37.48753664901531
구로7호점 우리동네키움센터(구로융합형),구로구,초등학생,126.89777,37.48138
노원16호점 우리동네키움센터(상계다락 아이휴센터),노원구,초등학생,127.07049,37.66257
구로6호점 우리동네키움센터(고척1동),구로구,초등학생,126.98505149596026,37.520844028327694
중구4호점 우리동네키움센터(중구형 초등돌봄 약수센터),중구,초등학생,127.01257,37.55188
구로5호점 우리동네키움센터(천왕동),구로구,초등학생,126.83912,37.47927
은평4호점 우리동네키움센터(역촌),은평구,초등학생,126.91928,37.60535
성동10호점 우리동네키움센터(금호대우아이꿈누리터),성동구,초등학생,127.02269037029797,37.54688873137253
영등포3호점 우리동네키움센터(대림1동 아이랜드),영등포구,초등학생,126.90664,37.49123
영등포2호점 우리동네키움센터(당산1동 아이랜드),영등포구,초등학생,126.894,37.526
구로4호점 우리동네키움센터(구로1동),구로구,초등학생,126.87756,37.49232
성동9호점 우리동네키움센터(사근동아이꿈누리터),성동구,초등학생,127.04533,37.5615
강서1호점 우리동네키움센터(염창동),강서구,초등학생,126.87188,37.55605
강서2호점 우리동네키움센터(방화3동),강서구,초등학생,126.81398,37.57958
동작2호점 우리동네키움센터(신대방1동),동작구,초등학생,126.91264351937548,37.48946702792416
용산2호점 우리동네키움센터,용산구,초등학생,126.95423,37.52685
용산4호점 우리동네키움센터,용산구,초등학생,126.96267,37.54227
용산1호점 우리동네키움센터,용산구,초등학생,126.96463,37.53547
구로3호점 우리동네키움센터(구로2동),구로구,초등학생,126.88016,37.49734
노원15호점 우리동네키움센터(상계동아불암 아이휴센터),노원구,초등학생,127.07915,37.6667
노원14호점 우리동네키움센터(상계15단지 아이휴센터),노원구,초등학생,127.0556705517544,37.669770049788106
노원12호점 우리동네키움센터(은빛1단지아이휴센터),노원구,초등학생,127.0528940817675,37.68158137066275
은평3호점 우리동네키움센터(응암),은평구,초등학생,126.92352,37.59183
노원13호점 우리동네키움센터(월계극동아이휴센터),노원구,초등학생,127.04598,37.62955
중구3호점 우리동네키움센터(중구형 초등돌봄 손기정센터),중구,초등학생,126.9690536950801,37.55701650081653
중구2호점 우리동네키움센터(중구형 초등돌봄 중림센터),중구,초등학생,126.96625,37.55952
은평2호점 우리동네키움센터(갈현),은평구,초등학생,126.91674,37.61748
성동8호점 우리동네키움센터(성동복지관아이꿈누리터),성동구,초등학생,127.03348,37.57023
성동7호점 우리동네키움센터(옥수복지관아이꿈누리터),성동구,초등학생,127.01276,37.54047
은평1호점 우리동네키움센터(진관),은평구,초등학생,126.9164203916887,37.63578088248035
강남2호점 우리동네키움센터(강남 다함께키움센터(역삼)),강남구,초등학생,127.04094,37.49398
노원11호점 우리동네키움센터(산마루아이휴센터),노원구,초등학생,127.08367,37.65052
중구1호점 우리동네키움센터(중구형 초등돌봄 신당센터),중구,초등학생,127.01352,37.56111
노원1호점 우리동네키움센터(월계문화아이휴센터),노원구,초등학생,127.05078,37.62427
노원7호점 우리동네키움센터(하계극동아이휴센터),노원구,초등학생,127.06468,37.63613
종로1호점 우리동네키움센터(청운효자동),종로구,초등학생,126.96743,37.58353
노원2호점 우리동네키움센터(상계10단지아이휴센터),노원구,초등학생,127.05767,37.66215
노원10호점 우리동네키움센터(공릉라이프아이휴센터),노원구,초등학생,127.06819,37.6271
노원6호점 우리동네키움센터(공릉태강아이휴센터),노원구,초등학생,127.08272,37.62429
노원5호점 우리동네키움센터(상계3단지아이휴센터),노원구,초등학생,127.05596485642639,37.65067815169216
노원3호점 우리동네키움센터(상계5간촌아이휴센터),노원구,초등학생,127.0663,37.66267
노원8호점 우리동네키움센터(월계그랑빌아이휴센터),노원구,초등학생,127.06709,37.61874
노원4호점 우리동네키움센터(달빛마실 아이휴센터),노원구,초등학생,127.05876461804834,37.62130824793163
노원9호점 우리동네키움센터(상계7단지아이휴센터),노원구,초등학생,127.06175630737766,37.66028048649215
성동3호점 우리동네키움센터(마장아이꿈누리터),성동구,초등학생,127.04306,37.56823
성동5호점 우리동네키움센터(성수복지관아이꿈누리터),성동구,초등학생,127.04698,37.54543
성동6호점 우리동네키움센터(성수쌍용아이꿈누리터),성동구,초등학생,127.04712,37.55013
광진1호점 우리동네키움센터,광진구,초등학생,127.07525,37.53289
성동2호점 우리동네키움센터(왕십리도선동아이꿈누리터),성동구,초등학생,127.02553,37.56788
성동4호점 우리동네키움센터(응봉아이꿈누리터),성동구,초등학생,127.03074,37.55021
성동1호점 우리동네키움센터(스위첸아이꿈누리터),성동구,초등학생,127.02685,37.56058
도봉2호점 우리동네키움센터(도봉1동 별별키움센터),도봉구,초등학생,127.04289,37.68301
도봉1호점 방아골우리동네키움센터,도봉구,초등학생,127.032705740131,37.6692921509572
마포2호점 우리동네키움센터(망원1동),마포구,초등학생,126.90271,37.55318
서대문1호점 우리동네키움센터(북가좌 우리동네키움센터 친구랑),서대문구,초등학생,126.90906,37.57815
성북1호점 우리동네키움센터(장위1동),성북구,초등학생,127.04692,37.61628
중랑1호점 신내동우리동네키움센터(중랑아동돌봄센터),중랑구,초등학생,127.11012,37.61805
동대문2호점 우리동네키움센터(라온) ,동대문구,초등학생,127.06893,37.5758
강동1호점 우리동네키움센터(상상나루來키움센터),강동구,초등학생,127.13146,37.5506
송파1호점 우리동네키움센터(잠실본동 송파키움센터),송파구,초등학생,127.0800711176726,37.50963899058105
송파2호점 우리동네키움센터(송파1동 송파키움센터),송파구,초등학생,127.10977,37.50597
송파3호점 우리동네키움센터(삼전동 송파키움센터),송파구,초등학생,127.09495431545572,37.49915383368968
송파4호점 우리동네키움센터(가락1동 송파키움센터),송파구,초등학생,127.10987,37.49649
강남1호점 우리동네키움센터(태화다함께키움센터),강남구,초등학생,127.09345,37.48485
서초1호점 우리동네키움센터(서초구립우면동초등키움센터),서초구,초등학생,127.01599,37.45687
동작1호점 우리동네키움센터(노량진2동),동작구,초등학생,126.93719,37.50829
구로2호점 우리동네키움센터(구로5동),구로구,초등학생,126.88651,37.50171
구로1호점 우리동네키움센터(개봉3동),구로구,초등학생,126.85253804053762,37.48866397225743
마포1호점 우리동네키움센터(성산2동),마포구,초등학생,126.90583,37.56845
양천1호점 우리동네키움센터,양천구,초등학생,126.84520128801717,37.51123848470527
영등포1호점 우리동네키움센터(영등포본동 아이랜드),영등포구,초등학생,126.91381,37.5135
동대문1호점 우리동네키움센터(희망) ,동대문구,초등학생,127.03033,37.57611
테스트시설,강남구,영유아,127.03094,37.49243
한별지역아동센터,금천구,초등학생,126.90664,37.46922
친구네지역아동센터,종로구,초등학생,127.01052,37.57439
함사람지역아동센터,금천구,초등학생,126.9032,37.45486
돌산공부방지역아동센터,강북구,초등학생,127.02267,37.61885
상도푸른지역아동센터,동작구,초등학생,126.94571,37.49831
으뜸,강북구,초등학생,127.01478,37.64658
늘품,강북구,초등학생,127.0103,37.64431
서초지역아동센터,서초구,초중생,126.98461,37.48062
하나복지지역아동센터,서초구,초중생,126.98381,37.48262
위더스틴즈지역아동센터,동작구,초등학생,126.94135,37.50393
위더스지역아동센터,동작구,초등학생,126.93973,37.50418
해밀지역아동센터,송파구,초중생,127.14212,37.50133
화곡지역아동센터,강서구,초등학생,126.8591,37.53274
경향지역아동센터,강서구,초등학생,126.8517,37.55719
조이스터디,성동구,초등학생,127.03526,37.56944
아름드리지역아동센터,양천구,초등학생,126.87608,37.51901
큰미래지역아동센터,강서구,초등학생,126.81375,37.5641
꿈나무학교지역아동센터,강서구,초등학생,126.83984,37.53727
위캔지역아동센터,강서구,초등학생,126.84674,37.54433
꿈나무공부방 지역아동센터,관악구,초등학생,126.91644,37.4637
보물섬지역아동센터,은평구,초등학생,126.90667,37.60968
서울지역아동센터,중랑구,초등학생,127.08578,37.58975
나누리지역아동센터,금천구,초등학생,126.90892,37.4531
금천미래지역아동센터,금천구,초등학생,126.8973,37.4752
참좋은 지역아동센터,관악구,초등학생,126.91711,37.47621
민영지역아동센터,관악구,초등학생,126.91704,37.47666
양지 지역아동센터,관악구,초등학생,126.9389,37.48393
마고네지역아동센터,성북구,초등학생,127.00669,37.59263
물댄동산목동지역아동센터,양천구,초등학생,126.86453,37.50778
물댄동산난곡 지역아동센터,관악구,초등학생,126.91517,37.47753
관악청소년 지역아동센터,관악구,초등학생,126.91111,37.48042
암사지역아동센터,강동구,초등학생,127.13806,37.55589
발음지역아동센터,강서구,초등학생,126.83419,37.55092
마을속작은학교,강북구,초등학생,127.01805,37.64425
금나래지역아동센터,금천구,초등학생,126.89402,37.46756
독산1동지역아동센터,금천구,초등학생,126.88962,37.46264
주원지역아동센터,서대문구,초등학생,126.94752,37.58661
참사랑지역아동센터,중랑구,초등학생,127.09059702864094,37.58195729680787
참이랑지역아동센터,중랑구,초등학생,127.08785,37.59981
행복한지역아동센터,은평구,초등학생,126.9155,37.60274
꿈이있는푸른학교지역아동센터,은평구,초등학생,126.91971,37.58729
공립벧엘지역아동센터,은평구,초등학생,126.91664,37.60438
이레지역아동센터,은평구,초등학생,126.91558,37.60227
동방지역아동센터,은평구,초등학생,126.90999,37.6006
은광지역아동센터,은평구,초등학생,126.93064,37.60631
생명나무 지역아동센터,용산구,초등학생,126.95806,37.54105
신일지역아동센터,서대문구,초등학생,126.9591,37.56564
쪼물왕국지역아동센터,영등포구,초등학생,126.89561,37.53888
성산교회부설 한우리 지역아동센터,관악구,초등학생,126.96435,37.4733
행복한지역아동센터,광진구,초등학생,127.08881,37.54665
은천 지역아동센터,관악구,초등학생,126.92102,37.48838
밝은미래지역아동센터,강동구,초등학생,127.12963,37.55103
구립노원청소년지역아동센터,노원구,초등학생,127.0759,37.66017
광동 지역아동센터,관악구,초등학생,126.96081,37.47926
보라매 지역아동센터,관악구,초등학생,126.92893,37.49091
꿈둥지지역아동센터,관악구,초등학생,126.94439,37.47963
비전교실 지역아동센터,관악구,초등학생,126.9607,37.48459
꿈마을 지역아동센터,관악구,초등학생,126.94709,37.48579
삼정학교지역아동센터,노원구,초등학생,127.05874,37.65165
해피아트지역아동센터,동대문구,초등학생,127.05956,37.58793
해성지역아동센터,관악구,초등학생,126.95698,37.4894
그루터기배움터지역아동센터,구로구,초등학생,126.84477,37.5027
사랑지역아동센터,성북구,초등학생,127.00484,37.60983
동소문행복한 홈스쿨 지역아동센터,성북구,초등학생,127.01407,37.59723
시습지역아동센터,성북구,초등학생,127.01106,37.61229
그린리버지역아동센터,송파구,초등학생,127.14933,37.50146
아름다운꿈지역아동센터,송파구,초등학생,127.15,37.49581
꿈꾸는지역아동센터,송파구,초등학생,127.13702,37.50043
솔바람지역아동센터,송파구,초등학생,127.15448,37.49632
겨레얼학교지역아동센터,양천구,초등학생,126.82525,37.53395
다니엘청소년지역아동센터,양천구,초등학생,126.83215,37.53311
사무엘지역아동센터,양천구,초등학생,126.82887,37.5332
꿈나무들의둥지지역아동센터,양천구,초등학생,126.86637,37.54423
선유지역아동센터,영등포구,초등학생,126.89071,37.52309
디모데지역아동센터,영등포구,초등학생,126.92313,37.51132
민들레학교지역아동센터,영등포구,초등학생,126.90969,37.52654
비젼학교지역아동센터,강남구,초등학생,127.08342,37.49211
선한지역아동센터,동작구,초등학생,126.96001,37.50945
솔나무지역아동센터,동작구,초등학생,126.9319,37.50946
아름다운안암지역아동센터,동대문구,초등학생,127.03114,37.58257
우리지역아동센터,강북구,초등학생,127.03877,37.62961
우신지역아동센터,구로구,초등학생,126.82835,37.49528
점프지역아동센터,서초구,초등학생,127.04449,37.47394
젬마지역아동센터,동작구,초등학생,126.95103,37.50528
송파희망세상지역아동센터,송파구,초등학생,127.14733,37.49256
드림홈스쿨,금천구,초등학생,126.8937,37.47545
무지개지역아동센터,도봉구,초등학생,127.0384,37.65821
밝은지역아동센터,강서구,초등학생,126.81309,37.57459
동작지역아동센터,동작구,초등학생,126.92897,37.4984
동화나라지역아동센터,동작구,초등학생,126.96725,37.48673
멘토지역아동센터,금천구,초등학생,126.90611,37.46029
렘넌트지역아동센터,금천구,초등학생,126.9016,37.46615
하늘품의집지역아동센터,노원구,초등학생,127.06818373409187,37.66024071017459
베다니지역아동센터,도봉구,초등학생,127.01606,37.65576
쌍문지역아동센터,도봉구,초등학생,127.02485,37.65015
성복행복한홈스쿨,동대문구,초등학생,127.07638,37.57229
이문꿈지역아동센터,동대문구,초등학생,127.06147,37.59812
아이들의울타리 지역아동센터,동작구,초등학생,126.94065,37.5085
나눔지역아동센터,동작구,초등학생,126.91292,37.48955
흑석지역아동센터,동작구,초등학생,126.96606,37.50763
대방지역아동센터,동작구,초등학생,126.9301,37.51016
신대방동구립지역아동센터,동작구,초등학생,126.90937,37.48651
엘림지역아동센터,마포구,초등학생,126.90156,37.55956
망원무지개지역아동센터,마포구,초등학생,126.90436,37.55793
라온지역아동센터,성동구,초등학생,127.0702,37.55363
꿈터지역아동센터,성동구,초등학생,127.01848,37.55389
응봉지역아동센터,성동구,초등학생,127.0319,37.54895
정릉 중앙,성북구,초등학생,126.99745,37.60715
장위희망지역아동센터,성북구,초등학생,127.04292,37.61599
비전트리지역아동센터,성북구,초등학생,127.04761,37.60873
아름다운지역아동센터,강동구,초등학생,127.17652,37.56305
강일지역아동센터,강동구,초등학생,127.17025,37.56157
배움터지역아동센터,강동구,초등학생,127.13667,37.53973
돋움지역아동센터,강동구,초등학생,127.15255,37.55906
송중동지역아동센터,강북구,초등학생,127.03324,37.61382
울림사회적협동조합하늘씨앗지역아동센터,강북구,초등학생,127.01868,37.62543
울림사회적협동조합 독립문지역아동센터,강북구,초등학생,127.03027,37.63449
강북지역아동센터,강북구,초등학생,127.01759,37.64426
함께꿈꾸는지역아동센터,강서구,초등학생,126.84405,37.55894
경희지역아동센터,광진구,초등학생,127.08045,37.5657
누리지역아동센터,구로구,초등학생,126.88642,37.48724
꿈나래지역아동센터,구로구,초등학생,126.84066,37.49696
해피지역아동센터,구로구,초등학생,126.83972,37.49644
메이지역아동센터,구로구,초등학생,126.89365,37.49527
은혜지역아동센터,구로구,초등학생,126.85656,37.505
하늘지역아동센터,금천구,초등학생,126.90495,37.47616
안수인지역아동센터,금천구,초등학생,126.90429,37.44186
금천행복한지역아동센터,금천구,초등학생,126.90513,37.45797
사랑의지역아동센터,금천구,초등학생,126.8997,37.46454
아이들세상지역아동센터,금천구,초등학생,126.90336,37.46409
세림지역아동센터,금천구,초등학생,126.90363,37.45354
푸르미지역아동센터,구로구,초등학생,126.85854,37.50151
푸른샘지역아동센터,금천구,초등학생,126.90565,37.44946
푸른솔지역아동센터,송파구,초등학생,127.11342,37.53525
한사랑지역아동센터,광진구,초등학생,127.07271,37.55513
흑석희망지역아동센터,동작구,초등학생,126.96606,37.50763
성광지역아동센터,성북구,초등학생,127.0103,37.61382
한마음지역아동센터,동대문구,초등학생,127.04831,37.58472
구로파랑새나눔터공부방지역아동센터,구로구,초등학생,126.88463,37.49483
생각의숲지역아동센터,동작구,초등학생,126.93782,37.50089
삼성지역아동센터,성북구,초등학생,127.0243,37.60097
울림사회적협동조합 꾸러기지역아동센터,강북구,초등학생,127.03184,37.62064
울림사회적협동조합 산지역아동센터,강북구,초등학생,127.01926,37.64085
오예스지역아동센터,금천구,초등학생,126.90515,37.46603
마을학교지역아동센터,강동구,초등학생,127.1336,37.52827
누리미지역아동센터,송파구,초등학생,127.14893,37.50109
산돌예빛지역아동센터,송파구,초등학생,127.11596,37.53154
강동꿈나무지역아동센터,강동구,초등학생,127.12385,37.5468
중화지역아동센터,중랑구,초등학생,127.08532,37.60223
한길지역아동센터,중랑구,초등학생,127.08242,37.5922
신당꿈 구립 지역아동센터,중구,초등학생,127.01094,37.55821
구립 오금동 지역아동센터,송파구,초중생,127.13985,37.49819
새날지역아동센터,광진구,초등학생,127.06557,37.54048
구립 문정1동 지역아동센터,송파구,중학생,127.12732048262808,37.48816348038599
구립성내지역아동센터,강동구,초등학생,127.12936,37.53221
푸른나무지역아동센터,동작구,초등학생,126.96661,37.50564
마리스타 지역아동센터,마포구,초등학생,126.91413,37.54453
지역아동센터 열린공부방,마포구,초중생,126.8944,37.57656
서진 지역아동센터,마포구,초중생,126.90781,37.56781
우리모여지역아동센터,동작구,초등학생,126.97335,37.48056
작은사랑서울지역아동센터,동작구,초중생,126.92887,37.50279
샘지역아동센터,동작구,초등학생,126.92324,37.49513
노량진행복한홈스쿨,동작구,초등학생,126.95394309862728,37.511834653909865
동작이수지역아동센터,동작구,초등학생,126.9769,37.49311
신상도지역아동센터,동작구,초등학생,126.94522,37.49702
드림지역아동센터,동대문구,초등학생,127.06354,37.59389
구립 동대문 지역아동센터,동대문구,초등학생,127.0574,37.57505
행복한지역아동센터,동대문구,초중생,127.06463,37.59512
(사)나누리 나누리지역아동센터,동대문구,초중생,127.05658,37.57849
꿈사랑방지역아동센터,동대문구,초등학생,127.05827102504712,37.57475377273405
장안지역아동센터,동대문구,초등학생,127.06371,37.56925
원광지역아동센터,동대문구,초등학생,127.05879,37.57929
염광지역아동센터 빛나는집,동대문구,초등학생,127.06194,37.57857
해맑음한일지역아동센터,도봉구,초등학생,127.04531,37.66256
한길지역아동센터,동대문구,초등학생,127.06462,37.59666
영광지역아동센터,도봉구,초등학생,127.02689,37.6503
희망드림지역아동센터,도봉구,초등학생,127.03745,37.64567
창동드림지역아동센터,도봉구,초등학생,127.0406,37.63532
에듀존도봉지역아동센터,도봉구,초등학생,127.04052,37.65325
아름다운 지역아동센터,도봉구,초등학생,127.03558,37.64346
도서관 속 별난학교 지역아동센터,도봉구,초등학생,127.02887,37.66262
참솔지역아동센터,도봉구,초등학생,127.03219,37.66667
나눔플러스지역아동센터,도봉구,초등학생,127.03114,37.64712
씨앗지역아동센터,도봉구,초등학생,127.04571,37.68493
늘사랑 지역아동센터,도봉구,초등학생,127.05183,37.65391
도봉지역아동센터,도봉구,초등학생,127.03972,37.67004
방학동 지역아동센터,도봉구,초등학생,127.02806,37.65878
샘터지역아동센터(공부방),도봉구,초등학생,127.03915,37.64668
구립월계문화지역아동센터,노원구,초등학생,127.05079,37.62426
지구촌지역아동센터,구로구,초등학생,126.89437,37.47905
영문지역아동센터,구로구,초등학생,126.85421,37.48754
씨앗지역아동센터,중랑구,초등학생,127.08908,37.58894
놀이터지역아동센터,중랑구,초등학생,127.07832,37.60906
파랑새지역아동센터,중랑구,초등학생,127.09647,37.60845
녹색지역아동센터,중랑구,초등학생,127.07671,37.58574
파란나라지역아동센터,중랑구,초등학생,127.08688,37.59221
동원지역아동센터,중랑구,초등학생,127.09047,37.58388
열린지역아동센터,중랑구,초등학생,127.10205,37.60267
생명강지역아동센터,중랑구,초등학생,127.07893,37.59752
동그라미지역아동센터,중랑구,초등학생,127.07822,37.58709
중랑재미지역아동센터,중랑구,초등학생,127.10093,37.59498
차오름지역아동센터,중랑구,초등학생,127.09339,37.59026
면목지역아동센터,중랑구,초등학생,127.08142,37.57635
마루아라지역아동센터,중랑구,초등학생,127.09477,37.60857
성심지역아동센터,중랑구,초등학생,127.10134,37.58766
참좋은지역아동센터,중랑구,초등학생,127.09783,37.59086
솔로몬지역아동센터,중랑구,초등학생,127.10335,37.60421
만나지역아동센터,중랑구,초등학생,127.08013,37.58578
즐거운지역아동센터,중랑구,초등학생,127.07878,37.58495
나비훨훨지역아동센터,중구,초등학생,127.00762,37.55129
등대지역아동센터,중구,초등학생,126.96458,37.55831
세종지역아동센터,종로구,초등학생,126.96047,37.57285
엘림지역아동센터,중구,초중생,127.02078,37.56257
한누리아동센터,종로구,초등학생,126.96053,37.57344
연동지역아동센터,종로구,초등학생,127.00132,37.57399
종로지역아동센터,종로구,초등학생,127.01219,37.5772
성터지역아동센터,종로구,초등학생,127.00923,37.57513
사단법인 공동육아와 공동체교육 해송지역아동센터,종로구,초등학생,127.00867,37.57785
중앙지역아동센터,종로구,초등학생,127.00825,37.574
마로니에지역아동센터,종로구,초등학생,127.00517,37.57953
청암지역아동센터,종로구,초등학생,127.01035,37.57734
참신나는학교 지역아동센터,종로구,초등학생,127.01335,37.57316
증산동성산 지역아동센터,은평구,초등학생,126.90732,37.58418
구립오병이어 지역아동센터,은평구,초등학생,126.92438,37.59947
광암 지역아동센터,은평구,초등학생,126.91706,37.58381
부림지역아동센터,은평구,초등학생,126.92783,37.62571
구로구공립지역아동센터,구로구,초등학생,126.83978,37.48058
섬기는지역아동센터,구로구,초등학생,126.85025,37.49393
구로행복한지역아동센터,구로구,초등학생,126.85365,37.48992
메리워드 지역아동센터,구로구,초등학생,126.84072,37.49969
구로푸른학교 지역아동센터,구로구,초등학생,126.88843,37.49664
한사랑지역아동센터,구로구,초등학생,126.88716,37.4881
지역아동센터평화만들기,구로구,초등학생,126.83128,37.49749
함사람지역아동센터,구로구,초등학생,126.86135,37.50353
새솜 지역아동센터,구로구,초등학생,126.89215,37.50235
구로지역아동센터,구로구,초등학생,126.88683,37.48514
꿈의학교지역아동센터,구로구,초등학생,126.85704,37.48955
어린이나라지역아동센터,광진구,초중생,127.08653,37.53966
새빛지역아동센터,광진구,초중생,127.07944,37.53728
중곡지역아동센터,광진구,초등학생,127.09082,37.55579
희망샘지역아동센터,광진구,초중생,127.0903,37.55905
진성지역아동센터,광진구,초중생,127.08692,37.56722
해피엘지역아동센터,광진구,초중생,127.07526,37.53101
1318해피존새움터 지역아동센터,광진구,중학생,127.08392,37.53409
꿈나래지역아동센터,광진구,초중생,127.08876,37.5583
신양하늘꿈지역아동센터,광진구,초중생,127.06144,37.53647
새숲지역아동센터,관악구,초등학생,126.92862,37.46606
우리들의공부방,관악구,초등학생,126.92109,37.4833
행복한지역아동센터,관악구,초등학생,126.92078,37.475
청솔지역아동센터,관악구,초등학생,126.91486,37.48442
조원지역아동센터,관악구,초등학생,126.90874,37.48155
하늘지역아동센터,관악구,초등학생,126.93408,37.47441
드림한누리지역아동센터,관악구,초등학생,126.94715,37.49222
아담스지역아동센터,관악구,초등학생,126.92117,37.46865
민들레샘물 지역아동센터,관악구,초등학생,126.93716,37.4634
섬김의집,관악구,초등학생,126.93025,37.46638
열린지역아동센터,관악구,초등학생,126.94575,37.48516
희망신나는집문화학교,관악구,초등학생,126.95084,37.48521
난향지역아동센터,관악구,초등학생,126.9161,37.4624
강서누리지역아동센터,강서구,초등학생,126.81149,37.55785
소은지역아동센터,강서구,초등학생,126.81681,37.55578
방화지역아동센터,강서구,초등학생,126.80666,37.57103
한길지역아동센터,강서구,초등학생,126.86902,37.55059
좋은친구청소년지역아동센터,강서구,초등학생,126.84195,37.53867
새하늘지역아동센터,강서구,초등학생,126.83826,37.54021
좋은사람들지역아동센터,강서구,초등학생,126.84127,37.54444
주함지역아동센터,강서구,초등학생,126.84785,37.5344
솔로몬지역아동센터,강서구,초등학생,126.80952,37.57438
람원행복한홈스쿨 지역아동센터,강서구,초등학생,126.853,37.55157
열린지역아동센터,강서구,초등학생,126.85068,37.54016
성광행복한지역아동센터,강서구,초등학생,126.82205,37.57298
나욧지역아동센터,강북구,초등학생,127.02122,37.64192
아름다운 땅 지역아동센터,강북구,초등학생,127.03989,37.62884
희망의집 지역아동센터,강북구,초중생,127.01829,37.62851
강북구 공립지역아동센터,강북구,초등학생,127.0328407181199,37.63981509233783
사랑의지역아동센터,강북구,초등학생,127.02509,37.61515
동산비젼스쿨지역아동센터,강북구,초등학생,127.03119,37.61635
서라벌아카데미지역아동센터,강북구,초등학생,127.01351,37.65807
송천동지역아동센터,강북구,초등학생,127.02282,37.61914
삼동지역아동센터,강북구,초등학생,127.0451,37.6274
지역아동센터사랑의공부방,강북구,초등학생,127.04586,37.62553
구립함께하는지역아동센터,강동구,초등학생,127.17232,37.55678
구립길리청소년지역아동센터,강동구,초중생,127.14206,37.53732
서울중심지역아동센터,강동구,초등학생,127.12795,37.53557
오륜레인보우지역아동센터,강동구,초등학생,127.1325,37.52608
길동지역아동센터,강동구,초등학생,127.14274,37.53563
제일강동지역아동센터,강동구,초등학생,127.14585,37.54465
암사꿈나무지역아동센터,강동구,초등학생,127.13298,37.54794
나래지역아동센터,강동구,초등학생,127.14535,37.54186
명성지역아동센터,강동구,초등학생,127.13799,37.5446
아름다운행복한홈스쿨지역아동센터,강동구,초등학생,127.14488,37.5504
들꽃청소년지역아동센터,강동구,초등학생,127.12642,37.54553
구립우등생지역아동센터,강동구,초등학생,127.13962,37.5359
소리마을지역아동센터,강동구,초등학생,127.13335,37.54576
풍성한지역아동센터,은평구,초등학생,126.90642,37.59247
샘지역아동센터,은평구,초등학생,126.91439,37.60803
맑은지역아동센터,은평구,초등학생,126.92168,37.60634
비전스쿨지역아동센터,은평구,초등학생,126.91904,37.58489
구립광현청소년 지역아동센터,은평구,초등학생,126.91611,37.61832
푸른꿈나무지역아동센터,은평구,초등학생,126.93291,37.61764
동그라미지역아동센터,은평구,초등학생,126.91627,37.62433
갈현지역아동센터,은평구,초등학생,126.91692,37.6219
소망의집지역아동센터,은평구,초등학생,126.92382,37.60922
진관지역아동센터,은평구,초등학생,126.92013,37.63573
비단산지역아동센터,은평구,초등학생,126.90808,37.59372
그루터기지역아동센터,은평구,초등학생,126.91557,37.61499
은평지역아동센터 열린학교,은평구,초등학생,126.93305,37.6013
조은아이들지역아동센터,은평구,초등학생,126.93021,37.61283
광현지역아동센터,은평구,초등학생,126.91611,37.61832
누리사랑지역아동센터,은평구,초등학생,126.91268,37.5921
풍성한 지역아동센터,용산구,초등학생,126.99877,37.52881
한살림서울생활협동조합 용산지역아동센터,용산구,초등학생,126.96481,37.5483
빛나라공부방(지역아동센터),용산구,초등학생,126.97521114165208,37.55098385780071
소망을찾는이,용산구,초등학생,126.97568,37.54701
돌봄누리 지역아동센터,영등포구,초등학생,126.90414,37.49418
대림2동지역아동센터,영등포구,초등학생,126.89808,37.49263
구립푸르름지역아동센터,영등포구,초등학생,126.91709,37.51345
조이드림지역아동센터,영등포구,초중생,126.89948,37.52923
다사랑영등포지역아동센터,영등포구,초등학생,126.915,37.50759
두날개지역아동센터,영등포구,초등학생,126.8963,37.49945
솔로몬지역아동센터,영등포구,초중생,126.89042,37.54248
한울지역아동센터,영등포구,초등학생,126.89963,37.50116
한믿음지역아동센터,영등포구,초등학생,126.90892,37.49862
사르넬리지역아동센터,영등포구,초등학생,126.90479,37.49567
푸른공부방지역아동센터,영등포구,초등학생,126.89828,37.52361
햇살가득지역아동센터,영등포구,초중생,126.89789,37.50703
영등포좋은나무지역아동센터,영등포구,초등학생,126.89309,37.52441
기린청소년지역아동센터,양천구,초등학생,126.87121,37.54117
예람지역아동센터,양천구,초등학생,126.82827,37.53699
섬나지역아동센터,양천구,초등학생,126.85972,37.52257
드림지역아동센터,양천구,초등학생,126.83318,37.53139
초록나무학교,양천구,초등학생,126.85666,37.52244
우리지역아동센터,양천구,초등학생,126.84657,37.52441
옹달샘지역아동센터,양천구,초등학생,126.83937,37.52155
비둘기지역아동센터,양천구,초등학생,126.83624,37.5185
밝은내지역아동센터,양천구,초등학생,126.84735,37.52005
암미신월지역아동센터,양천구,초등학생,126.82428,37.53594
강서성결행복한홈스쿨,양천구,초등학생,126.83767,37.52889
그리스도의교회지역아동센터,양천구,초등학생,126.86571,37.53872
선한지역아동센터,양천구,초등학생,126.86422,37.54369
푸른나래지역아동센터,양천구,초등학생,126.82752,37.53648
샘물지역아동센터,양천구,초등학생,126.87329,37.54638
한누리학교지역아동센터,양천구,초등학생,126.83676,37.51645
연세지역아동센터,양천구,초등학생,126.84596,37.52191
삼전지역아동센터,송파구,초등학생,127.09008,37.50604
도담지역아동센터,송파구,초등학생,127.12059,37.53716
해오름지역아동센터,송파구,초중생,127.10732,37.50267
새비전지역아동센터,송파구,초등학생,127.1415,37.49777
아름다운지역아동센터,송파구,초등학생,127.12593,37.49623
기쁨지역아동센터,송파구,초등학생,127.1276,37.48445
R&T지역아동센터,송파구,초등학생,127.13486,37.50623
솔빛지역아동센터,송파구,초중생,127.14303,37.49886
구립삼선동꿈나무키우미돌봄센터,성북구,초등학생,127.01336,37.58574
구립종암동꿈나무키우미돌봄센터,성북구,초등학생,127.03375,37.59875
구립 석관동 꿈나무키우미 돌봄센터,성북구,초등학생,127.06088,37.61144
구립 길음동 꿈나무키우미 돌봄센터,성북구,초등학생,127.01948,37.60666
푸른하늘 지역아동센터,성북구,초등학생,127.05977,37.61109
돈암동교회 모퉁이돌 지역아동센터,성북구,초등학생,127.01486,37.59817
꿈나래 지역아동센터,성북구,초등학생,127.01455,37.60314
마가렛 지역아동센터,성북구,초등학생,126.99446,37.5932
밤골아이네공부방,성북구,초등학생,127.03355,37.60443
꿈터 지역아동센터,성북구,초등학생,127.01175,37.58853
성심의집 지역아동센터,성북구,초등학생,127.04909,37.61209
목자 지역아동센터,성북구,초등학생,127.03446,37.60617
큰나무학교 지역아동센터,성북구,초등학생,127.02238,37.58939
월곡 지역아동센터,성북구,초등학생,127.02963,37.60513
아낌없이 주는 나무 지역아동센터,성북구,초등학생,127.03626,37.59651
성모의 집,성북구,초등학생,127.00263,37.61542
나무를심는학교,서대문구,초등학생,126.9548,37.56288
다솔 지역아동센터,성북구,초등학생,127.05411,37.61337
장위지역아동센터밀알학교,성북구,초등학생,127.05107,37.61546
무학지역아동센터,성동구,초등학생,127.02794,37.56282
달마학교 지역아동센터,성동구,초등학생,127.04985,37.53802
중동지역아동센터,성동구,초등학생,127.04321,37.54766
성동좋은이웃지역아동센터,성동구,초등학생,127.05509,37.56191
지역아동센터 도깨비방망이 공부방,성동구,초등학생,127.05124,37.53789
우리들공부방지역아동센터,성동구,초등학생,127.05463,37.54191
사과나무열림터 지역아동센터,성동구,초등학생,127.03217,37.55932
구립 방배동 지역아동센터,서초구,초등학생,126.98881,37.4865
구립 우면동 지역아동센터,서초구,초중생,127.02552,37.46942
우면지역아동센터,서초구,초중생,127.02534,37.46432
강남지역아동센터,서초구,초중생,127.02125,37.50436
여의칸지역아동센터,서초구,초중생,126.98823,37.48635
새로핌지역아동센터,서대문구,초등학생,126.9246,37.57723
큰사랑공부방,서초구,초중생,126.99501,37.48256
구립가재울지역아동센터,서대문구,초등학생,126.90905,37.57817
다락지역아동센터,서대문구,초등학생,126.95448,37.57296
청소년1318해피존나무를심는학교,서대문구,초등학생,126.95786,37.56389
행복무지개공부방지역아동센터,마포구,초등학생,126.91528,37.55785
옥토지역아동센터,마포구,초중생,126.9348833695768,37.54430978277881
시냇가에심은나무지역아동센터,마포구,초등학생,126.95136,37.54113
성산행복한홈스쿨지역아동센터,마포구,초등학생,126.9082,37.55062
지역아동센터 나눔공부방,마포구,초중생,126.94491,37.55012
옹달샘 지역아동센터,마포구,초등학생,126.9098,37.55282
구립한내지혜의숲지역아동센터,노원구,초등학생,127.06878,37.62359
구립하계지역아동센터,노원구,초등학생,127.07335,37.64345
구립수락지역아동센터,노원구,초등학생,127.05958,37.67464
구립꿈나무지역아동센터,노원구,초등학생,127.06123,37.6327
구립공릉행복지역아동센터,노원구,초등학생,127.07281,37.62206
구립노원1지역아동센터,노원구,초등학생,127.06123,37.6327
공립불암골지역아동센터,노원구,초등학생,127.08272,37.65075
구립초안산숲속지역아동센터,노원구,초등학생,127.04448,37.63203
구립공릉지역아동센터,노원구,초등학생,127.07037,37.63026
구립상계숲속지역아동센터,노원구,초등학생,127.05044,37.66944
구립월계지역아동센터,노원구,초등학생,127.05287,37.62725
신나는지역아동센터,노원구,초등학생,127.08242,37.64811
구립상계3.4동지역아동센터,노원구,영유아,127.08323,37.67293
구립상계1동지역아동센터,노원구,초등학생,127.05495,37.67991
열림지역아동센터,노원구,초등학생,127.0513,37.67192
금빛지역아동센터,노원구,초등학생,127.07141,37.65792
샛별지역아동센터,노원구,초등학생,127.05022,37.6736
마음터지역아동센터,노원구,초등학생,127.0826,37.67209
태릉지역아동센터,노원구,초등학생,127.07612,37.61907
함께하는사랑밭독산지역아동센터,금천구,초등학생,126.90854,37.47663
CLC희망학교,금천구,초등학생,126.89851,37.46099
신광지역아동센터,금천구,초등학생,126.88658,37.45738
살구지역아동센터,금천구,초등학생,126.90026,37.47514
금천영재지역아동센터,금천구,초등학생,126.90451,37.44022
비전지역아동센터,금천구,초등학생,126.90951,37.45301
전진상지역아동센터,금천구,초등학생,126.91074,37.45258
성원미디어스쿨지역아동센터,금천구,초등학생,126.90412,37.46864
한사랑지역아동센터,금천구,초등학생,126.90032,37.4499
금강지역아동센터,구로구,초등학생,126.85562,37.50078
하모니지역아동센터,구로구,초등학생,126.85432,37.48872
강남지역아동센터,강남구,초등학생,127.04975,37.4783
LH 행복꿈터 열린마음 지역아동센터,강남구,초등학생,127.09135875752855,37.470747073538384
